TRNO,Class,title,url,domain,visit_time
25012,11 A M,Course | CS50's Introduction to Computer Science | edX,https://learning.edx.org/course/course-v1:HarvardX+CS50+X/home,learning.edx.org,06/04/2025 08:13
25012,11 A M,Enroll In CS50's Introduction to Computer Science | Upgrade Now | edX,https://courses.edx.org/course_modes/choose/course-v1:HarvardX+CS50+X/,courses.edx.org,06/04/2025 08:12
25012,11 A M,Please Wait | edX,https://courses.edx.org/auth/complete/google-oauth2/?,courses.edx.org,06/04/2025 08:12
25012,11 A M,Please Wait | edX,https://courses.edx.org/account/finish_auth?course_id=course-v1%3AHarvardX%2BCS50%2BX&enrollment_action=enroll&email_opt_in=false&next=%2Fdashboard,courses.edx.org,06/04/2025 08:12
25012,11 A M,Recommendations | edX,https://authn.edx.org/recommendations,authn.edx.org,06/04/2025 08:12
25012,11 A M,Welcome | edX,https://authn.edx.org/welcome,authn.edx.org,06/04/2025 08:12
25012,11 A M,Register | edX,https://authn.edx.org/register,authn.edx.org,06/04/2025 08:11
25012,11 A M,Login | edX,https://accounts.google.com/signin/oauth/consent?as=S1747915613:1743927084433047&authuser=0&client_id=370673641490-nd3s6q740l96uvk1vivsab65rltkgoc0.apps.googleusercontent.com&flowName=GeneralOAuthFlow&part=AJi8hAOnlqMFsRYsUrNudRNgoW9GqJlh05aaqYL3cVZBtHNHDhud1OkCIazL0AqjiAOBB5Pn3tguGHNs2YhbY_In8osCOr41BYw2gPfNVdJ4Z-VQ9b90Y5-uz9rmRBsjPBV-Gf4uioKpeipzN1AgoJLAJdgj4-j-RuKf_ikO85gL7r2W-qpcRUH54fCvfWnnU07inVxj61JFjuTOAZi-idQhol0H46jzL-chp_v_pEFUKwAM3gBONfquxB83JpW_GuQ0B2f4FKlfhYL5wEyHKL18C9MJmliw0GNgv5oDBgFSWFPQVf-LjROmy8OFQ8z7q1FnFCFM9xwRbOLuyZevlmHaMkUFWMuM2B6cU_L9OTqR4wUKee37C5U4QibC1DhVSh-mankgxtCsRt3JyYUWZLtegLLP2d3XCHV3S7Gh-H2WRQPTKJzawoayLL7lkPJICh856hDwnPge3gcJ9IVPlB84JiavSBmgPr3ATUMiKTKM1SJh-9-x6qdPT51gUdvXTl7UxpToFiWNxHUkiH36PsqQvJq_GNLbHne4-aGhX5_nT8r0SGjjuYJWAj3U2TgXuAmCOxfn_NJIp3iBsEoHDWwt6JkpEaeIZKoiwmpkhmRBHvzXbno9sz5N4RBn-jYmou4heN32j_ieOUxs5TAjDEOV4fWjTjX-XzbDnD1m-tlbeF0w_GMaRs9bUnqKHhoo_9vPJGa0tzfU2x35NwYIcXmFRC-58fIDro_G9Ak5KRSEsoKaHn_fUMUX4ubjeuf5mPb62uBIbqraOnHVwP41bL3bKbph-2ZZHJ0HekC8X1AwQxZE4RfYo6sj5xAA4tgHYsBTinvkG57sTfw2guMq3Bbjaw8Vzqrhpg&rapt=AEjHL4OWYQdSrdOssHJHMU-3ZCt56t0bVnzKwjAEipeiiZmMT0OcvAJ01Urz70k0X85eNF8ka1Gk2zodsed7F8lMqWVeZ1LjEw,accounts.google.com,06/04/2025 08:11
25012,11 A M,Login | edX,https://courses.edx.org/auth/complete/google-oauth2/?state=egl5rGl5fsupnJBfY4HVFclntIfHkhgd&code=4%2F0Ab_5qllTvteAZ5LzefG1kR2uSVdNK2WlheJ_JSKkeKzdlJihaeeo2v63jJ2W-WmrQFxi0w&scope=email+profile+openid+https%3A%2F%2Fwww.googleapis.com%2Fauth%2Fuserinfo.profile+https%3A%2F%2Fwww.googleapis.com%2Fauth%2Fuserinfo.email&authuser=0&hd=jameasaifiyah.edu&prompt=consent,courses.edx.org,06/04/2025 08:11
25012,11 A M,Login | edX,https://courses.edx.org/login,courses.edx.org,06/04/2025 08:11
25012,11 A M,Login | edX,https://authn.edx.org/login,authn.edx.org,06/04/2025 08:11
25012,11 A M,Sign in - Google Accounts,https://accounts.google.com/signin/oauth/consent?authuser=0&part=AJi8hAPKIvL6B3VP5nF2L551o36qf1jGQv-BWE9_KWkeGvR4qfuKa0FTO2rI0JB18RXcqR1yEHFVjaWuM7nkFrVBVqm4bnxlT1TUrbGF4K273mROFmDaLQoSGe-MKFk3mTMw4-Q1gIhejG0sdhabz6ZBmwuOfuk44QGJIqIyiuRGh935slOAOCxt13kZ1Uwp40eLQYdlfe1-n36HtS6AXeHPOKIB4VOTszjnd3jzZVUmssGlJoi1oe-uSqfn5ncx8f3yMekVMJWI0tQv5xPPRUEKh2YBw8sOUmQl9aX1pbhY9ZacQig6leEILz0hlPQvhTazDw0_8iNoB6A8v9Xd9PgBOot_rpjQFofTveS4HY7ODF3SZXL4rXhH6ZzKsjWZ4oVZmTUeOjhU3yT1FjBK1eaXZV0cDscSubzHRWRmHO9ja35OqBs7exSpv5h0S3ppOWERvshn6Zm-XBpJZ_34PUhjjmSrBfmMmg&flowName=GeneralOAuthFlow&as=S1747915613%3A1743927084433047&client_id=370673641490-nd3s6q740l96uvk1vivsab65rltkgoc0.apps.googleusercontent.com&pli=1&rapt=AEjHL4OWYQdSrdOssHJHMU-3ZCt56t0bVnzKwjAEipeiiZmMT0OcvAJ01Urz70k0X85eNF8ka1Gk2zodsed7F8lMqWVeZ1LjEw#,accounts.google.com,06/04/2025 08:11
25012,11 A M,Sign in - Google Accounts,https://accounts.google.com/signin/oauth/id?authuser=0&part=AJi8hAObeMhgf7Vq8sWBqYptBHPb_3wUUzrxYQljaIu-FpCzxWqH91ECLcgFmTAoYVjIoKgQpb5fG1T1YaEttp1TwdiM74kYfXVu-nZNrJXtZO0pw_P7uQZWLS6_iG4ekhfxOtBXuLznNOBG9ecvX5CdIdHxSRYjzTIJobxkD6f63GHu61IpeaySTq4ny2RnTsTgiwTX4FWdM1yvKh_kunhUhTL2F0pCtsAYzmlX70C6wRc7_OZ1UCG1yArpkQo8Wsq8o4FUL230B6e9Dbr-Qm-w8bC7jO0Ba02hAGKjtASu4g3Ol0AA4C0CN12_fRVOgsw1PTT_yoJ0CiCrIlHmxC59r1aQJatUdeeaElVrKb75Ms--d4SIHLUCjsMFhf_iC_KyZIf0MwGMjSHAw7XbCIagJQWXGSXYZEM4L6IhwKDLq_YjUDqHG-7-HMuBNZj6zb-9uftn-lUI1kpqIOqM36AP6byVPnCJrXVF_no2jCtBwZPQueGWyAwymkZWmj0AyfT-xGZtNAou6Y_QV0g4JkD7w6aHxLYWAagRdxU7KgJFV5VwQs6x66gjnTEQ6T76sUGL14JWn-DRJqL-xs-x-DKzJLckFU5RLBHSDA4rBaDybsRCGt1wuu5d8to-eTTdJgAPNkVeZpkZi7wO5naTwzn0t0DZ5MtHr0cK2COHZBinioZTYH5szIEWF4rspllSvc2NFn6A_yO0PhK7iGclqQeeoTLMzmCQixlCRA_arGuaTCcpOoLzhmQDnQRXFvITA89h_KDMijGFT52VT13gQJLu0TZPVSDJiCT1b3ZCs7V9vOhryL25p3sa4MaOROEjMTSneCRQfOVc4xkhA4z2LJc8YHTzemtQuQ&flowName=GeneralOAuthFlow&as=S1747915613%3A1743927084433047&client_id=370673641490-nd3s6q740l96uvk1vivsab65rltkgoc0.apps.googleusercontent.com&rapt=AEjHL4OWYQdSrdOssHJHMU-3ZCt56t0bVnzKwjAEipeiiZmMT0OcvAJ01Urz70k0X85eNF8ka1Gk2zodsed7F8lMqWVeZ1LjEw#,accounts.google.com,06/04/2025 08:11
25012,11 A M,Sign in ‚Äì Google accounts,https://accounts.google.com/o/oauth2/auth/oauthchooseaccount?client_id=370673641490-nd3s6q740l96uvk1vivsab65rltkgoc0.apps.googleusercontent.com&redirect_uri=https%3A%2F%2Fcourses.edx.org%2Fauth%2Fcomplete%2Fgoogle-oauth2%2F&state=egl5rGl5fsupnJBfY4HVFclntIfHkhgd&response_type=code&scope=openid%20email%20profile&service=lso&o2v=1&ddm=1&flowName=GeneralOAuthFlow,accounts.google.com,06/04/2025 08:11
25012,11 A M,Sign in ‚Äì Google accounts,https://accounts.google.com/o/oauth2/auth?client_id=370673641490-nd3s6q740l96uvk1vivsab65rltkgoc0.apps.googleusercontent.com&redirect_uri=https%3A%2F%2Fcourses.edx.org%2Fauth%2Fcomplete%2Fgoogle-oauth2%2F&state=egl5rGl5fsupnJBfY4HVFclntIfHkhgd&response_type=code&scope=openid%20email%20profile&service=lso&o2v=1&ddm=1,accounts.google.com,06/04/2025 08:11
25012,11 A M,Sign in ‚Äì Google accounts,https://courses.edx.org/auth/login/google-oauth2/?auth_entry=login&next=%2Faccount%2Ffinish_auth%3Fcourse_id%3Dcourse-v1%253AHarvardX%252BCS50%252BX%26enrollment_action%3Denroll%26email_opt_in%3Dfalse%26next%3D%252Fdashboard,courses.edx.org,06/04/2025 08:11
25012,11 A M,Sign in ‚Äì Google accounts,https://accounts.google.com/o/oauth2/auth?client_id=370673641490-nd3s6q740l96uvk1vivsab65rltkgoc0.apps.googleusercontent.com&redirect_uri=https://courses.edx.org/auth/complete/google-oauth2/&state=egl5rGl5fsupnJBfY4HVFclntIfHkhgd&response_type=code&scope=openid+email+profile,accounts.google.com,06/04/2025 08:11
25012,11 A M,Login | edX,https://authn.edx.org/login?course_id=course-v1%3AHarvardX%2BCS50%2BX&enrollment_action=enroll&email_opt_in=false,authn.edx.org,06/04/2025 08:11
25012,11 A M,Register | edX,https://authn.edx.org/register?course_id=course-v1%3AHarvardX%2BCS50%2BX&enrollment_action=enroll&email_opt_in=false,authn.edx.org,06/04/2025 08:11
25012,11 A M,HarvardX: CS50's Introduction to Computer Science | edX,https://www.edx.org/course/cs50s-introduction-computer-science-harvardx-cs50x,www.edx.org,06/04/2025 08:10
25012,11 A M,HarvardX: CS50's Introduction to Computer Science | edX,https://www.edx.org/course/cs50s-introduction-to-computer-science,www.edx.org,06/04/2025 08:10
25012,11 A M,HarvardX: CS50's Introduction to Computer Science | edX,https://www.edx.org/course/introduction-computer-science-harvardx-cs50x,www.edx.org,06/04/2025 08:10
25012,11 A M,HarvardX: CS50's Introduction to Computer Science | edX,https://www.edx.org/learn/computer-science/harvard-university-cs50-s-introduction-to-computer-science,www.edx.org,06/04/2025 08:10
25012,11 A M,CS50: Introduction to Computer Science | Harvard University,https://pll.harvard.edu/course/cs50-introduction-computer-science,pll.harvard.edu,06/04/2025 08:10
25012,11 A M,cs50 - Google Search,https://www.google.com/search?q=cs50&rlz=1C1GCEU_enKE1156KE1156&oq=cs50&gs_lcrp=EgZjaHJvbWUyCQgAEEUYORiABDIHCAEQABiABDIHCAIQABiABDIHCAMQABiABDIHCAQQABiABDIHCAUQABiABDIHCAYQABiABDIHCAcQABiABDIHCAgQABiABNIBCDE3NTlqMGo3qAIAsAIA&sourceid=chrome&ie=UTF-8,www.google.com,06/04/2025 08:10
25012,11 A M,cs50 - Google Search,https://www.google.com/search?q=cs50&rlz=1C1GCEU_enKE1156KE1156&oq=cs50&gs_lcrp=EgZjaHJvbWUyCQgAEEUYORiABDIHCAEQABiABDIHCAIQABiABDIHCAMQABiABDIHCAQQABiABDIHCAUQABiABDIHCAYQABiABDIHCAcQABiABDIHCAgQABiABNIBCDE3NTlqMGo3qAIAsAIA&sourceid=chrome&ie=UTF-8&safe=active&ssui=on,www.google.com,06/04/2025 08:10
25012,11 A M,Inbox (284) - 25012@jameasaifiyah.edu - Aljamea tus Saifiyah Mail,https://mail.google.com/mail/u/0/#inbox,mail.google.com,06/04/2025 08:10
25012,11 A M,Inbox (284) - 25012@jameasaifiyah.edu - Aljamea tus Saifiyah Mail,https://mail.google.com/mail/u/0/#inbox?compose=DmwnWrRnZwFJVFjxcgftCMQTNmgrHBwcbcQffWmzHfBFhzcKGvlCpKhbXlCqjDXWPTqMnvVlzxLv,mail.google.com,06/04/2025 08:09
25012,11 A M,Inbox (284) - 25012@jameasaifiyah.edu - Aljamea tus Saifiyah Mail,https://mail.google.com/mail/u/0/#inbox?compose=new,mail.google.com,06/04/2025 08:09
25012,11 A M,JHS - Jamea Head Office System,https://www.jameasaifiyah.org/students/StudentJadwalReport.aspx,www.jameasaifiyah.org,06/04/2025 08:09
25012,11 A M,JHS - Jamea Head Office System,https://www.jameasaifiyah.org/WebAuth.aspx?uid=5640&utid=4&page=stuDashboard.aspx&mmid=MTA2MQ==&type=Students/,www.jameasaifiyah.org,06/04/2025 08:08
25012,11 A M,JHS - Jamea Head Office System,https://www.jameasaifiyah.org/Students/stuDashboard.aspx?mmid=MTA2MQ==,www.jameasaifiyah.org,06/04/2025 08:08
25012,11 A M,Student Home,https://beta.jameasaifiyah.org/student/home,beta.jameasaifiyah.org,06/04/2025 08:08
25012,11 A M,Student Login,https://beta.jameasaifiyah.org/student/stulogin,beta.jameasaifiyah.org,06/04/2025 08:08
25012,11 A M,JHS - Jamea Head Office System,https://jameasaifiyah.org/,jameasaifiyah.org,06/04/2025 08:08
25012,11 A M,jhs - Google Search,https://www.google.com/search?q=jhs&rlz=1C1GCEU_enKE1156KE1156&oq=jhs&gs_lcrp=EgZjaHJvbWUyDwgAEEUYORiDARixAxiABDIHCAEQABiABDIHCAIQABiABDIHCAMQABiABDIHCAQQABiABDIHCAUQABiABDIHCAYQABiABDIHCAcQABiABDINCAgQLhjHARjRAxiABDIHCAkQABiABNIBCDE4NDhqMGo3qAIAsAIA&sourceid=chrome&ie=UTF-8,www.google.com,06/04/2025 08:08
25012,11 A M,jhs - Google Search,https://www.google.com/search?q=jhs&rlz=1C1GCEU_enKE1156KE1156&oq=jhs&gs_lcrp=EgZjaHJvbWUyDwgAEEUYORiDARixAxiABDIHCAEQABiABDIHCAIQABiABDIHCAMQABiABDIHCAQQABiABDIHCAUQABiABDIHCAYQABiABDIHCAcQABiABDINCAgQLhjHARjRAxiABDIHCAkQABiABNIBCDE4NDhqMGo3qAIAsAIA&sourceid=chrome&ie=UTF-8&safe=active&ssui=on,www.google.com,06/04/2025 08:08
25012,11 A M,Gmail,https://accounts.google.com/v3/signin/challenge/selection?TL=ADBLaQD0I6KCwPtqjk08A0hxGKO007mV-IFalgonV0qrdoE4KJVCueRpm9sjAdcQ&checkConnection=youtube%3A471&checkedDomains=youtube&continue=https%3A%2F%2Fmail.google.com%2Fmail&dsh=S-1020671524%3A1743926853502516&ec=GAlAFw&flowEntry=AddSession&flowName=GlifWebSignIn&hl=en&lid=2&pstMsg=1&service=mail&authuser=0,accounts.google.com,06/04/2025 08:07
25012,11 A M,Gmail,https://accounts.google.com/v3/signin/challenge/pwd?TL=ADBLaQD0I6KCwPtqjk08A0hxGKO007mV-IFalgonV0qrdoE4KJVCueRpm9sjAdcQ&checkConnection=youtube%3A471&checkedDomains=youtube&cid=1&continue=https%3A%2F%2Fmail.google.com%2Fmail&dsh=S-1020671524%3A1743926853502516&ec=GAlAFw&flowEntry=AddSession&flowName=GlifWebSignIn&hl=en&pstMsg=1&service=mail&authuser=0,accounts.google.com,06/04/2025 08:07
25012,11 A M,Gmail,https://accounts.google.com/AddSession?hl=en&continue=https://mail.google.com/mail&service=mail&ec=GAlAFw&authuser=0,accounts.google.com,06/04/2025 08:07
25012,11 A M,Gmail,https://accounts.google.com/v3/signin/identifier?authuser=0&continue=https%3A%2F%2Fmail.google.com%2Fmail&ec=GAlAFw&hl=en&service=mail&flowName=GlifWebSignIn&flowEntry=AddSession&dsh=S-1020671524%3A1743926853502516,accounts.google.com,06/04/2025 08:07
25012,11 A M,Inbox (284) - 25012@jameasaifiyah.edu - Aljamea tus Saifiyah Mail,https://mail.google.com/,mail.google.com,06/04/2025 08:07
25012,11 A M,Inbox (284) - 25012@jameasaifiyah.edu - Aljamea tus Saifiyah Mail,https://mail.google.com/mail/,mail.google.com,06/04/2025 08:07
25012,11 A M,Inbox (284) - 25012@jameasaifiyah.edu - Aljamea tus Saifiyah Mail,https://mail.google.com/mail/u/0/,mail.google.com,06/04/2025 08:07
25012,11 A M,Apply for Semester Freeze,https://vulms.vu.edu.pk/StudentServices/Registrar%20Office/ApplyForSemesterFreeze.aspx,vulms.vu.edu.pk,06/04/2025 08:07
25012,11 A M,Student Services,https://vulms.vu.edu.pk/StudentServices/StudentServices.aspx,vulms.vu.edu.pk,06/04/2025 08:06
25012,11 A M,Fee Structure,https://www.vu.edu.pk/FeeStructure_Overseas.aspx,www.vu.edu.pk,06/04/2025 08:04
25012,11 A M,Fee Structure,https://www.vu.edu.pk/FeeStructure_Overseas,www.vu.edu.pk,06/04/2025 08:04
25012,11 A M,Apply for Campus Change,https://vulms.vu.edu.pk/StudentServices/Registrar%20Office/CampusChangeRequest.aspx,vulms.vu.edu.pk,06/04/2025 08:04
25012,11 A M,VU Examination System,http://qb.vu.edu.pk/,qb.vu.edu.pk,06/04/2025 08:03
25012,11 A M,VU Examination System,https://qb.vu.edu.pk/,qb.vu.edu.pk,06/04/2025 08:03
25012,11 A M,Examinations for Overseas Students (OPKST),https://handbook.vu.edu.pk/HandBook_Pages/ExaminationsOutsidePakistan.htm,handbook.vu.edu.pk,06/04/2025 07:59
25012,11 A M,Overseas Examination Guidelines And Demo Test Schedule - Spring 2024 Mid Term,https://www.vu.edu.pk/NewsDetails?type=&NewsId=9003,www.vu.edu.pk,06/04/2025 07:58
25012,11 A M,can i apply for virtual university exams from kenya - Google Search,https://www.google.com/search?q=can+i+apply+for+virtual+university+exams+from+kenya&rlz=1C1GCEU_enKE1156KE1156&oq=can+i+apply+for+virtual+university+exams+from+kenya&gs_lcrp=EgZjaHJvbWUyBggAEEUYOTIHCAEQIRigATIHCAIQIRigATIHCAMQIRigATIGCAQQIRgVMgYIBRAhGBXSAQkxOTM5NmowajeoAgCwAgA&sourceid=chrome&ie=UTF-8,www.google.com,06/04/2025 07:58
25012,11 A M,can i apply for virtual university exams from kenya - Google Search,https://www.google.com/search?q=can+i+apply+for+virtual+university+exams+from+kenya&rlz=1C1GCEU_enKE1156KE1156&oq=can+i+apply+for+virtual+university+exams+from+kenya&gs_lcrp=EgZjaHJvbWUyBggAEEUYOTIHCAEQIRigATIHCAIQIRigATIHCAMQIRigATIGCAQQIRgVMgYIBRAhGBXSAQkxOTM5NmowajeoAgCwAgA&sourceid=chrome&ie=UTF-8&safe=active&ssui=on,www.google.com,06/04/2025 07:58
25012,11 A M,Account Book,https://vulms.vu.edu.pk/AccountBook/AccountBook.aspx,vulms.vu.edu.pk,06/04/2025 07:58
25012,11 A M,VU - Learning Management System,https://vulms.vu.edu.pk/Home.aspx?id=8d8134ab-ab4c-4c57-8fa9-ea860121a0a4,vulms.vu.edu.pk,06/04/2025 07:57
25012,11 A M,VU - Learning Management System,https://vulms.vu.edu.pk/,vulms.vu.edu.pk,06/04/2025 07:57
25012,11 A M,vulms - Google Search,https://www.google.com/search?q=vulms&rlz=1C1GCEU_enKE1156KE1156&oq=vulms&gs_lcrp=EgZjaHJvbWUyBggAEEUYOTIHCAEQABiABDIHCAIQABiABDIHCAMQABiABDIHCAQQABiABDIHCAUQABiABDIHCAYQABiABDIHCAcQABiABDIHCAgQABiABDIHCAkQABiABNIBCDEwNzVqMGo3qAIAsAIA&sourceid=chrome&ie=UTF-8,www.google.com,06/04/2025 07:57
25012,11 A M,vulms - Google Search,https://www.google.com/search?q=vulms&rlz=1C1GCEU_enKE1156KE1156&oq=vulms&gs_lcrp=EgZjaHJvbWUyBggAEEUYOTIHCAEQABiABDIHCAIQABiABDIHCAMQABiABDIHCAQQABiABDIHCAUQABiABDIHCAYQABiABDIHCAcQABiABDIHCAgQABiABDIHCAkQABiABNIBCDEwNzVqMGo3qAIAsAIA&sourceid=chrome&ie=UTF-8&safe=active&ssui=on,www.google.com,06/04/2025 07:57
25012,11 A M,Hello - 25012@jameasaifiyah.edu - Aljamea tus Saifiyah Mail,https://mail.google.com/mail/u/0/#inbox/FMfcgzQZTzWmXpmkqDSZmpSSgLrGRptB,mail.google.com,06/04/2025 07:54
25012,11 A M,Student Pass - 25012@jameasaifiyah.edu - Aljamea tus Saifiyah Mail,https://mail.google.com/mail/u/0/#inbox/CwCPbnFhfHZLdXrLPFtGhwhkvdnjcvG,mail.google.com,06/04/2025 07:54
25012,11 A M,Inbox (287) - 25012@jameasaifiyah.edu - Aljamea tus Saifiyah Mail,http://mail.google.com/,mail.google.com,06/04/2025 07:54
25012,11 A M,Inbox (287) - 25012@jameasaifiyah.edu - Aljamea tus Saifiyah Mail,https://accounts.google.com/ServiceLogin?service=mail&passive=1209600&osid=1&continue=https://mail.google.com/mail/u/0/&followup=https://mail.google.com/mail/u/0/&emr=1&authuser=0,accounts.google.com,06/04/2025 07:54
25012,11 A M,Inbox (287) - 25012@jameasaifiyah.edu - Aljamea tus Saifiyah Mail,https://mail.google.com/accounts/SetOSID?authuser=0&continue=https://mail.google.com/mail/u/0/?pli%3D1&osidt=ALWU2cuU6OsNnto1UHafE_8VaJOE7KCOiHyVWP0_TFN3_2yJw0JUIA5PxtCXW9JixPZBwSVtLQNi_lyfwKKagOb_N_OziHm464iraryiYg733NSdPSNozzc4Tl4irSRdz9_T0CeK9gyXUMo9hCEi3VqkZXpD6NSMslNovOB7ZdxsvBZxvwk4gMB17NwgYlNIn1eBejASUie_uZRW2DH5-6F5gLYdUcyoByYDjfzU9CD_hV7qBEZLOPZr9KP4h5Xjl8gq-ZtDLt6Z3RQ2J7ZRh7s1QkhJPfeW9bNKF7m_0OEYxWEwe8YJ8bdM7WyZ9rfUcs4W4ViVxu-FRIr7CmtMgCGttCtWdxSkP9_Fdxn_3PrXQpc4Xi7kHVJEhQalTYN6KlTojJ-mn4LTzkWaNNkxI_R-QSdsgdwtcDzHFaROjfqyKHBXwzCYxq4S6QV1gmIGECByX6_HD8DkO2FyYKV0nGaouk1635hhcXbQkQhZv8X32E_S85WuqHg&ifkv=AXH0vVs_FIFNuJ_slkeGS6dDyvPYPNVxDOa8tJI1T4lDrEc0dmximsRXxnK_7Ijd9ptP1yyzDEQFmA,mail.google.com,06/04/2025 07:54
25012,11 A M,Inbox (287) - 25012@jameasaifiyah.edu - Aljamea tus Saifiyah Mail,https://mail.google.com/mail/u/0/?pli=1,mail.google.com,06/04/2025 07:54
25012,11 A M,Home - Google Drive,https://drive.google.com/drive/home,drive.google.com,06/04/2025 07:54
25012,11 A M,Google Drive,https://drive.google.com/drive/,drive.google.com,06/04/2025 07:54
25012,11 A M,Google Drive,http://drive.google.com/,drive.google.com,06/04/2025 07:54
25012,11 A M,Google Drive,https://drive.google.com/,drive.google.com,06/04/2025 07:54
25012,11 A M,Google Drive,https://accounts.google.com/ServiceLogin?service=wise&passive=1209600&osid=1&continue=https://drive.google.com/&followup=https://drive.google.com/&emr=1&authuser=0,accounts.google.com,06/04/2025 07:54
25012,11 A M,Google Drive,https://drive.google.com/accounts/SetOSID?authuser=0&continue=https://drive.google.com/?pli%3D1%26authuser%3D0&osidt=ALWU2ct_oIbpqN7i5WOmzxPtF-x4qMnJQ16kVWfSSSmh8x-hfjY_vs3V7Xc3mx58u1wBw2mWBIHujUl8_v9ojC5WorWgZmUfaB1bVjqmItZzPsTtWQxJydVTZo97qPcXToi1zwYms4-VuxXKfw7RyiHKl3TFn8uvRq8mPOzlAsXHJlQXZ_v9VUEwjUen3aCvr6tCBDymC1nJZ8hoVppxEP2NTcn-FnCbHkFDSUZsnrSHq-i2P1JBrHqBRh-0XVxgZL8qL17pq3xVSssyk8HYGmd3ALA8ud2SafFyUusd6hiZf2qoi_-8e82FF1xnWdStTu7deIvan-ZFjoyLOBQwmtNzhJxM2_4XEa3cKbT_RZ8FBdJ_USS-xz7CdJc_C80g1O1YoCuZ-O5x5RyEZEV8urOKadxiew60Eq0Q1OQ2Sf9ydnE-Kw5Gnagblhp9P5dYXXR0-9RYUVyFIEKPz5W6dx9gqq13YHL_fldH_F5LreQJ5E9lucAPAME&ifkv=AXH0vVtMfNn1tmDYHycCMowpypYr4tNjd4yntQfk3WvGTwsAM7wH55KWWqRHCI2qYyzzpZ_NPY2v,drive.google.com,06/04/2025 07:54
25012,11 A M,Google Drive,https://drive.google.com/?pli=1&authuser=0,drive.google.com,06/04/2025 07:54
25012,11 A M,Google Drive,https://drive.google.com/drive/?pli=1,drive.google.com,06/04/2025 07:54
25012,11 A M,Writing Resources - Writing a Good History Paper - Hamilton College,https://www.hamilton.edu/academics/centers/writing/writing-resources/writing-a-good-history-paper,www.hamilton.edu,06/04/2025 07:53
25012,11 A M,ùêòùê®ùêÆ ùêöùê´ùêû ùêúùê´ùêûùêöùê≠ùê¢ùêßùê† ùê¨ùê®ùê¶ùêûùê≠ùê°ùê¢ùêßùê† ùêßùê® ùê®ùêßùêû ùêúùêöùêß ùê¢ùê¶ùêöùê†ùê¢ùêßùêû | ùêìùê°ùêû ùêàùê¶ùê¢ùê≠ùêöùê≠ùê¢ùê®ùêß ùêÜùêöùê¶ùêû ùêíùê®ùêÆùêßùêùùê≠ùê´ùêöùêúùê§ - YouTube,https://www.youtube.com/watch?v=GlmwkPdkaN4&t=846s,www.youtube.com,06/04/2025 07:53
25012,11 A M,An Updated Academic Workflow: Zotero & Obsidian | by Alexandra Phelan | Medium,https://medium.com/@alexandraphelan/an-updated-academic-workflow-zotero-obsidian-cffef080addd,medium.com,06/04/2025 07:53
25012,11 A M,Deep Focus Study & Reading Music - 10 Hour Of Concentration Music for Studying and Memorizing - YouTube,https://www.youtube.com/watch?v=xjjpTuG9GyU&t=24s,www.youtube.com,06/04/2025 07:53
25012,11 A M,ŸÉÿ™ÿ® ÿßÿ®ÿßÿ∂Ÿäÿ© ŸÑŸÑÿ™ÿ≠ŸÖŸäŸÑ,https://www.istiqama.net/books/all-books.htm,www.istiqama.net,06/04/2025 07:53
25012,11 A M,All Maqalaat Topics List - Google Sheets,https://docs.google.com/spreadsheets/d/1Vx1ZUZ27SxcypG3-oGGuSiT1p0xMzsQlSCVl-vf3uLI/edit#gid=1347033510,docs.google.com,06/04/2025 07:53
25012,11 A M,ÿ®Ÿäÿ™ ÿØÿßÿÆŸÑŸä In English - Translation and Meaning in English Arabic Dictionary of All terms Page 1,https://www.almaany.com/en/dict/ar-en/,www.almaany.com,06/04/2025 07:53
25012,11 A M,AI Launch List - Complete List of AI Tool Directories,https://ailaunchlist.com/,ailaunchlist.com,06/04/2025 07:53
25012,11 A M,The Arabic Lexicon - Classical Arabic Dictionaries,http://arabiclexicon.hawramani.com/,arabiclexicon.hawramani.com,06/04/2025 07:53
25012,11 A M,Altafsir.com -ÿ™ŸÅÿ≥Ÿäÿ± ÿßŸäÿ¢ÿ™ ÿßŸÑŸÇÿ±ÿ¢ŸÜ ÿßŸÑŸÉÿ±ŸäŸÖ (0-0-1-1),https://www.altafsir.com/Tafasir.asp?tMadhNo=0&tTafsirNo=0&tSoraNo=1&tAyahNo=1&tDisplay=no&LanguageID=1,www.altafsir.com,06/04/2025 07:53
25012,11 A M,OpenITI: a Machine-Readable Corpus of Islamicate Texts | Zenodo,https://zenodo.org/record/6808108#.Yxd_CXZBxPY,zenodo.org,06/04/2025 07:53
25012,11 A M,Chat GPT,https://chat.openai.com/c/45a06cb9-aa4d-424d-90de-89fea7cb5b19,chat.openai.com,06/04/2025 07:53
25083,11 A M,Gmail: Private and secure email at no cost | Google Workspace,https://mail.google.com/mail/u/0/,mail.google.com,16/04/2025 15:27
25083,11 A M,Gmail: Private and secure email at no cost | Google Workspace,https://accounts.google.com/ServiceLogin?service=mail&passive=1209600&osid=1&continue=https://mail.google.com/mail/u/0/&followup=https://mail.google.com/mail/u/0/&emr=1,accounts.google.com,16/04/2025 15:27
25083,11 A M,Gmail: Private and secure email at no cost | Google Workspace,https://workspace.google.com/intl/en-US/gmail/,workspace.google.com,16/04/2025 15:27
25083,11 A M,Aljamea tus Saifiyah Mail,https://mail.google.com/mail/,mail.google.com,16/04/2025 15:26
25083,11 A M,Aljamea tus Saifiyah Mail,https://accounts.google.com/Logout,accounts.google.com,16/04/2025 15:26
25083,11 A M,Google Accounts,https://accounts.google.com/Logout?hl=en&continue=https://mail.google.com/mail/&service=mail&timeStmp=1744816885&secTok=.AG5fkS8fOG1n26GHchkxDh9PSnN1zboJOg&ec=GAdAFw,accounts.google.com,16/04/2025 15:26
25083,11 A M,to print - 25083@jameasaifiyah.edu - Aljamea tus Saifiyah Mail,https://mail.google.com/mail/u/0/?tab=rm&ogbl#inbox/KtbxLrjRdxRztGVFRNtWTCZxVJLWrDzdgB,mail.google.com,16/04/2025 15:21
25083,11 A M,Inbox (45) - 25083@jameasaifiyah.edu - Aljamea tus Saifiyah Mail,https://mail.google.com/mail/u/0/?tab=rm&ogbl#inbox,mail.google.com,16/04/2025 15:21
25083,11 A M,Inbox (45) - 25083@jameasaifiyah.edu - Aljamea tus Saifiyah Mail,https://mail.google.com/mail/u/0/?tab=rm&ogbl,mail.google.com,16/04/2025 15:21
25083,11 A M,Inbox (45) - 25083@jameasaifiyah.edu - Aljamea tus Saifiyah Mail,https://accounts.google.com/CheckCookie?continue=https://mail.google.com/mail/u/0/?tab%3Drm%26ogbl&service=mail&checkedDomains=youtube&checkConnection=youtube:498&pstMsg=1&osid=1&flowName=GlifWebSignIn&ifkv=AXH0vVvLcL7OSg3JjoCOGQiLzh7DmomNl4HW5wlIsa4WiViqB9GevXhRe_O1uOOYBidGn9QwP_yF&chtml=LoginDoneHtml&gidl=EgIIAA,accounts.google.com,16/04/2025 15:21
25083,11 A M,Inbox (45) - 25083@jameasaifiyah.edu - Aljamea tus Saifiyah Mail,https://mail.google.com/accounts/SetOSID?authuser=0&continue=https://accounts.youtube.com/accounts/SetSID?ssdc%3D1%26sidt%3DALWU2ctRV3mAyC8gDHjjKzc4S0ky0KHyOC6rsBZB9ealRGRcKfGYwTduqZRt9XJw2f%252Btd2xz3bjU5a6IJ4r0zbiCrt4RrqoxXpLJYumlfL4zJ8gDxo6t0K%252BlKbGFChEGxi29WxLQ0Hdahi1oBUTXcGqtb5cm65jeUKHCAZXQOgwKGi3BvgmYvYc92pmtLrR2q8gLXFxvFJVqypXXIvnevQriLjmq0kuIvajRyNH8lsXxSMm71WlVA9F89sIpAbPQKAlOALX3C1Y/bYhtIG%252BgweKNdTX5rWkidFMZZ/ZWnMu6Z8qNmsML9YCuDwqRxo9qzUdm85A32mCjKV4CD0LT2KHCOIsJJOnsgrRwG/TeZocn63c6gVq0IGVg4Vr1TjQ1T4EmDUHht8nbwSKw%252B6BkuZmrsU0qdG8Tz7FQbe%252BnXB6TI4QAK9Dxc8zbWIbWG7BJhj3vJ04QG0bceZTz46C76kHwvecMbR72AiLFjdvQEvPdamlOB/GS1HxVDWjylSKRoDaD/3Be90ALP7YLuIrDQPYmq1Co8XcpJHyhWO77vxzLXU1dm7SGgQicLtGaFPyD6t%252B872/FGgSTuc8KRuqog1rste43FJmce9JQREEua9zhY2PSla9qf9H2rfoeYv4ikWM73BGcGfeaDwnaIJq7weejLoOpDr2lryGOMsZCYk5ZnSf94IhWP9u0EKnJOCPPs6ERBkf%252B5L7u0EWRYEEsnKKt1sCyBTGFjTrNCW928fvSDvHYwRlSYYKCZYwI%252Buq%252B4QqnCLj47gYkkCYz8FP5bwvTca5BUpfIeyYg0MZIuwLnuhoYFkdAA/3gJhuShZjNQ2yJQmEi9J2I77Tz8dspGpw/mhtLQHoSZx9OearAASDqdNZrumXwJaDFC5TXN8hg96ysE6jyim0kiUoH0hg2gYvMTUatQPwq%252BTQ7fv9yp9zj79ROxk1tq91vJirflrni3L/xs5q2Asg0yYC3F6pKjSqgbSxk6Uwi7IwzipSXwBLHTSJcFWJU5mvJhl5f7WjntrD2ye/D7GFUDY4IuOOsTvQux9ZIss/1hpa134f1OkHIXp1UZ3Rp50ANTBQOhPwh7P79u0OBtzhWemyfJjtHf1AUPaMvxSvnHmK5LqNbQXc%252BhbCSqsyO%252BQ0Jm1h0saChWksHp1BeQuH5BU1rFeb8p6D4dDnMRyNI7DqPupMJzfBjoC7aiMDvKSaUfPtt9JHl8H8adpCyq50gS7oZtlrM12nwMAkeRiZR8iJ%252BAtJmeW6qcfiJAzomcVhX57w6BFikK8D7HrGi2p592f1gwp14Jjtcm64ePEaEgFQ/OzjlrxMMU8p0QIthgGL%252BaIeTHuMYE0pgLNHjES4BkZOHgK%252BkInViLhPuxXjNsz8mYFK33gounxjvAIRIbsnDImToqrU%252BRMtZAQfKT71juTmhX7SkV0v0kri5FCmvYEKQ1Z0QkjL7UZeCYwQ120wbd2jI24Ctet5%252B8cebOj7Amlwx1asjn9wMg8Jw3hh9dlModuj/7tOwgw7C4rIi%252Byu/OJ5RsSgLXfu44Bp7viJ6GjQXCnDelp0Mjigxfbjs95d%252BNGWBVY7ZOP2k%252BPQPg6YxjcwnsfvUw/xSa7zUzh9i%252BWEt2IPCm52mCg9vc6h2TcBFXzUuioBFBmTSwtpq4%252B/YrY4UXaqfg/FRVDz%252BuYxR1R9%252BQr0guKDvmAavrJ5IBGZfnAnwebTUQWn5PgOSwK6douUPyEPDSBxWQNQATvBl%252BpHilgS9WNpXQYUiomyLz1gLyrGH%252BIgXsDz1oGqSbNt%252BsbrHVHPoot6Ky%252BPsvL4a3SHBqzjnfMHsiluaOTUquNkEIl%252BNtvGrPFDBP/838xS00Xn3U2JLhbJp6s5IfjKFjRxvmIZsNpmd78XHg%252Bye3K1fA8upF5S0%252BRmds/gcknmq/mp%252BOG5no1Ok3pFgMYuCF4DB3eTgsRg5xa3JxhhpJlTiRknlJMoPhqTe4ThQ3OQiW5fS9QlwBLDgpp/K1F%252Bdj2PgoT2dJ8jnP/CEOfvfrYZmyCjpcFNCM07YlfOK7WMYAFAsxk%252Bm7E4guY3GLKsuw1erPNOsbEyjRqqUh6FNgNoD77qqLwl1gu6byae0qsz4aICQZvBKzc5lAGZGZEUEIxaWFl6y2DtGjQvxH7AtxygB1O9ISuGBKW0g62IgA4/%252B5Rq/qw2uciEV52jUTQrKwMoMQKYVEPB7jxpgbMIh7mN2GKKfqiQ16GypT5E0dG8yJ5O5CFpBII3RqxH2sizGvbjiYFCLiTgtsyGAwIz7qNQoqneCagO3I%252BdI0pwHs/UHeypfv7uPUUzQRdTXTQ6CXWXPlxb8YqIrJscLoKzPyNc4EB47I/mdAMUQHP6RQNIRYun6TYRvpFUgMcMfRlqqGr96bAOkYsx85rkPBrCEaJ7nJ%252BthAYn3Kt82tMqi%252BDdrDvK3pUQHh4T%252BegmvmoCSHy8QAxzsAB35U8CvDiuH9%252BusejvRMwhP7Ev8edCMEPHP1l1cRMJEq18JKkyUFDC4cg3ccyeG/GeGcJZjNqy2Ie/GJhdXPZc2PTx24OiIPse9p%252BQy09xItocaZRXcs12SSXMzKY%252BAbmuX8S5gDkoOlUJIEump3j1KPD82mkH1V6sFLwnCqJQv63YuyDRjts57CCUgb9%252BmzL4U6y2buixPwQ%253D%253D%26continue%3Dhttps://mail.google.com/mail/u/0/?tab%253Drm%2526ogbl%26tcc%3D1%26dbus%3DIN%26dbus%3DKE&osidt=ALWU2cvirhzMRZLgg0KR6kxJ05lAY0-rkTVStFNeskiMph44tuJPNl0-6_fpuozrjBC7tJQOEsCzPrTy8_NX7TEuUvWEiwW0l6LMMgF7OX6tdrS4JKEAj-jGqndfPW5iPNdBbKIprgSanhQf3sI1MPp7M_Xjhoi3Br3UbFmbv93NgBamMaBOsq5_fRE0-fiz4fx9UGgpfv86CSIEVOE_WS-wuJj_pCXcgj8uy6xs-lfgExrujUrf1czPumfUvk9BzrH5Q5Pcp1BDDUJZdL9w3e-F9o61KlFzGqbjiSAE2qWFcP5pVZzGUHg3vqKG8wXmWWY9tNNYX4y3bNXIp7P88fttVuRgLqyzGUh00Smd3xpWo_0vE-rgyIMTcwKdNJZ64QVsZWZhAgWkAUp48q7KRLYLb-8CnSjJ64aeEpd-jvWon6jNfSX2ZyYcD_eQy-IpNLSsdEOab4020KOwZLGIvauPLVJHjem7VYrEIcgoy9pbDmDiUaj5Ix0&tcc=1&ifkv=AXH0vVupumjfgiLoWU4ezRpqGwwOgHIb7bg5hxMQB74ATyBszE78XOy2gM2ENs_2t_gGVAbuzOAu,mail.google.com,16/04/2025 15:21
25083,11 A M,Inbox (45) - 25083@jameasaifiyah.edu - Aljamea tus Saifiyah Mail,https://accounts.youtube.com/accounts/SetSID?ssdc=1&sidt=ALWU2ctRV3mAyC8gDHjjKzc4S0ky0KHyOC6rsBZB9ealRGRcKfGYwTduqZRt9XJw2f%2Btd2xz3bjU5a6IJ4r0zbiCrt4RrqoxXpLJYumlfL4zJ8gDxo6t0K%2BlKbGFChEGxi29WxLQ0Hdahi1oBUTXcGqtb5cm65jeUKHCAZXQOgwKGi3BvgmYvYc92pmtLrR2q8gLXFxvFJVqypXXIvnevQriLjmq0kuIvajRyNH8lsXxSMm71WlVA9F89sIpAbPQKAlOALX3C1Y/bYhtIG%2BgweKNdTX5rWkidFMZZ/ZWnMu6Z8qNmsML9YCuDwqRxo9qzUdm85A32mCjKV4CD0LT2KHCOIsJJOnsgrRwG/TeZocn63c6gVq0IGVg4Vr1TjQ1T4EmDUHht8nbwSKw%2B6BkuZmrsU0qdG8Tz7FQbe%2BnXB6TI4QAK9Dxc8zbWIbWG7BJhj3vJ04QG0bceZTz46C76kHwvecMbR72AiLFjdvQEvPdamlOB/GS1HxVDWjylSKRoDaD/3Be90ALP7YLuIrDQPYmq1Co8XcpJHyhWO77vxzLXU1dm7SGgQicLtGaFPyD6t%2B872/FGgSTuc8KRuqog1rste43FJmce9JQREEua9zhY2PSla9qf9H2rfoeYv4ikWM73BGcGfeaDwnaIJq7weejLoOpDr2lryGOMsZCYk5ZnSf94IhWP9u0EKnJOCPPs6ERBkf%2B5L7u0EWRYEEsnKKt1sCyBTGFjTrNCW928fvSDvHYwRlSYYKCZYwI%2Buq%2B4QqnCLj47gYkkCYz8FP5bwvTca5BUpfIeyYg0MZIuwLnuhoYFkdAA/3gJhuShZjNQ2yJQmEi9J2I77Tz8dspGpw/mhtLQHoSZx9OearAASDqdNZrumXwJaDFC5TXN8hg96ysE6jyim0kiUoH0hg2gYvMTUatQPwq%2BTQ7fv9yp9zj79ROxk1tq91vJirflrni3L/xs5q2Asg0yYC3F6pKjSqgbSxk6Uwi7IwzipSXwBLHTSJcFWJU5mvJhl5f7WjntrD2ye/D7GFUDY4IuOOsTvQux9ZIss/1hpa134f1OkHIXp1UZ3Rp50ANTBQOhPwh7P79u0OBtzhWemyfJjtHf1AUPaMvxSvnHmK5LqNbQXc%2BhbCSqsyO%2BQ0Jm1h0saChWksHp1BeQuH5BU1rFeb8p6D4dDnMRyNI7DqPupMJzfBjoC7aiMDvKSaUfPtt9JHl8H8adpCyq50gS7oZtlrM12nwMAkeRiZR8iJ%2BAtJmeW6qcfiJAzomcVhX57w6BFikK8D7HrGi2p592f1gwp14Jjtcm64ePEaEgFQ/OzjlrxMMU8p0QIthgGL%2BaIeTHuMYE0pgLNHjES4BkZOHgK%2BkInViLhPuxXjNsz8mYFK33gounxjvAIRIbsnDImToqrU%2BRMtZAQfKT71juTmhX7SkV0v0kri5FCmvYEKQ1Z0QkjL7UZeCYwQ120wbd2jI24Ctet5%2B8cebOj7Amlwx1asjn9wMg8Jw3hh9dlModuj/7tOwgw7C4rIi%2Byu/OJ5RsSgLXfu44Bp7viJ6GjQXCnDelp0Mjigxfbjs95d%2BNGWBVY7ZOP2k%2BPQPg6YxjcwnsfvUw/xSa7zUzh9i%2BWEt2IPCm52mCg9vc6h2TcBFXzUuioBFBmTSwtpq4%2B/YrY4UXaqfg/FRVDz%2BuYxR1R9%2BQr0guKDvmAavrJ5IBGZfnAnwebTUQWn5PgOSwK6douUPyEPDSBxWQNQATvBl%2BpHilgS9WNpXQYUiomyLz1gLyrGH%2BIgXsDz1oGqSbNt%2BsbrHVHPoot6Ky%2BPsvL4a3SHBqzjnfMHsiluaOTUquNkEIl%2BNtvGrPFDBP/838xS00Xn3U2JLhbJp6s5IfjKFjRxvmIZsNpmd78XHg%2Bye3K1fA8upF5S0%2BRmds/gcknmq/mp%2BOG5no1Ok3pFgMYuCF4DB3eTgsRg5xa3JxhhpJlTiRknlJMoPhqTe4ThQ3OQiW5fS9QlwBLDgpp/K1F%2Bdj2PgoT2dJ8jnP/CEOfvfrYZmyCjpcFNCM07YlfOK7WMYAFAsxk%2Bm7E4guY3GLKsuw1erPNOsbEyjRqqUh6FNgNoD77qqLwl1gu6byae0qsz4aICQZvBKzc5lAGZGZEUEIxaWFl6y2DtGjQvxH7AtxygB1O9ISuGBKW0g62IgA4/%2B5Rq/qw2uciEV52jUTQrKwMoMQKYVEPB7jxpgbMIh7mN2GKKfqiQ16GypT5E0dG8yJ5O5CFpBII3RqxH2sizGvbjiYFCLiTgtsyGAwIz7qNQoqneCagO3I%2BdI0pwHs/UHeypfv7uPUUzQRdTXTQ6CXWXPlxb8YqIrJscLoKzPyNc4EB47I/mdAMUQHP6RQNIRYun6TYRvpFUgMcMfRlqqGr96bAOkYsx85rkPBrCEaJ7nJ%2BthAYn3Kt82tMqi%2BDdrDvK3pUQHh4T%2BegmvmoCSHy8QAxzsAB35U8CvDiuH9%2BusejvRMwhP7Ev8edCMEPHP1l1cRMJEq18JKkyUFDC4cg3ccyeG/GeGcJZjNqy2Ie/GJhdXPZc2PTx24OiIPse9p%2BQy09xItocaZRXcs12SSXMzKY%2BAbmuX8S5gDkoOlUJIEump3j1KPD82mkH1V6sFLwnCqJQv63YuyDRjts57CCUgb9%2BmzL4U6y2buixPwQ%3D%3D&continue=https://mail.google.com/mail/u/0/?tab%3Drm%26ogbl&tcc=1&dbus=IN&dbus=KE&ifkv=AXH0vVuvTsjohACOByFJmvm_YbfXrcsb1a1ClWaoWYuvGGw8Q3Ew5jD1tbwbkmt7rpGVW54b6d3J1g,accounts.youtube.com,16/04/2025 15:21
25083,11 A M,Inbox (45) - 25083@jameasaifiyah.edu - Aljamea tus Saifiyah Mail,https://accounts.google.co.in/accounts/SetSID?ssdc=1&sidt=ALWU2csb/6Xn3XCZHy8Wz8H4pWOY0Ybc/%2BDLryUBA1abveFSqANbO%2BfHseM6v3Fbo9VJ2/gbvLsAji9hIHcEGdO5DBCVW2yrBANdcdTUI%2B5TJXIm9rMarSsd7SJw%2BrgchDATaCSC%2Bx10yHKQpJ2i%2B/B%2Buqh7O/RhzRj1rGII3YooFCzZGoJ07XrI0EF2v9mgvUfLZ0lQg1oYOFd4giHAdQYb%2BFFkeZT0IeEc7wJIme2dxxh56Yuk9sm1B4SXVxGgdh4DU8tmcup0BqNxnq1gz8h9xnw66ZHkOj72xli8orYWAbICLOPL8yUFVyD9mB%2BwXEsJg5q30oldmuz7toGSGhCEoaqobLO21/i5iTFV3oYBKoqYyBYsc4O8JnsrnbKtKmW97bkpaYOaR7X1glEkaBys3EGyoWH%2BOmrVM88DnId7FqipZHxQypJaarUfOmiLF%2BQIalOPNIOhWFXg1asBQpBG3nT1ZBJijekvNZs1BB7xIoQ5sffeOn%2BpbMnuEvGn96ma5jf9JjZFv7NUUwncOOqt8stdpiysCaPbhahXlBuoHTzFL81olj6%2Bhye4cVRm6c7zztiUZgKEIbqYkS7xt1S7bST9sZIbTeGn15DNcwLS%2B0h9HNcMvONehsmSGUuPnXIAdXubxii3m0/CjSEafE1mxoa9enR33ZljYrDTUZJE/a1N7ftFB1Ds4BjEyTb5NG1rHrZidpGY/VFqY8tAI6mXdptnoEkl/qBPkjLqWYfyjNLs06lZyeCQTB3nr32tq2l08pfbiJjITSD/ravn1%2BZAxal4NwKa/ufApiKV5cmXGf/kleXsBRudo%2BoyfyimDEKD2Qh9oPv3Jc8Zb/cJ3ywOpb%2BowTb6UQjUODPQApo1T7sXyxBkeUtsoivAQdNRnJoK47Z2aYbC%2BpWEsj0jGq3Aiz4qQ0HFukbgtyfTqwkim8JVyeBr0T8v7fL2h90CAa/5LaNNvbrljWlV37Ugc1ax1J7bTgv6VzaeuY/e3QpIVrwZGe6c%2B0QKfvnzeYOGTObzatj/kUB5tFD6dgENgrRBKuooLkKuteTJzAGNPi%2Bg3UyKVSVOcuMRTufvJivSz%2BHLV8OM03g3cZcw8jkHSA1cw81BoY5cy1%2BfY%2BcpQFcQI%2Bcl/C%2B1QWYGkXIZXzNHwp69bWJqmZzjtfnewIIophTSlGQPF4t/WbMAIS8SVQYyk49PLIQyKM66yIoFYKXohv66z9dmfiHhuOYLArZVqPFN5%2BACblYIMrIZI/xpT3APdgykXWqYXsrdBzoQxD4no6j5JEzzf0YAFcx9zs8z4N67Rh5FsDX954RRXJ5PbsBMJqNlHx/7ybfq%2BbO/buR/eDGogjWBoMF%2BCR1l%2BfgaET0OOhAAiko9ZQNDhh7ulrUlDO8twfA61bgGBOT9V9JNbDxDexnE24aEpl21TQZnz57IbktUBrzKXj3OROWQtA0336%2BNOMwS8ROtj8ueHIXc1olVsayz3EgCalQoOhlPlBrpr3JHNL/p9O/yn8iPEjQsdFGg8D5UbRWI168/YnBM6qIVwtq6OGZfkF6I6lTdaGEkEzDrBzl74gKY8B5iDWVDD8hKf%2BK30RYArRtE3UjjJAlqurXRk7x2ycc29Ssi5fVkqw9cSYxKDVuwhWNdDXoYbpRzwHvoyudZHNA8XpAKj5gvAJAZ5t96i%2BaUfYnTuTF%2BOrr9ZAQSxTtCPbnakctZQViC8inBnnhhelDh34u8i3f54yMW7I1SCivtM%2BLFQNiQDzhozGMwh3M3bodI5UhwJZ1aEtacFahMSKG7ADbIYKpcnUEjLbvjDP0AQnDyC7DaRcB4o0QPblPIEyPJ85e23QD4otQvKIFw3vQLN8bqqscw83UNttJXQaTNc5i7s/j2dFqpLdhHJ/x4WkCMFJ2sRCQ8sQ7QXHLYfNIYCIDMlR0F5Zk7rZ4wFgAqvVCEqdjaJIo/GGCPxyLD3/%2Bk5pm9RyM1/jhOp4qk7EOkpBKukq3k1eBlFRcGG4mA5XKzCq5NoALULFJRBYkXO8req9juw/5nqMlNwdy/i5Py5UiW92bdP0tZgyQObFH0XIMJkh/8UGt//VVEPKULczBJU9M6g1vI4bHTcSNc8GQZshUiLnVap3Ja90tvN4L%2BxEvaxowMx6JqluI96r8c8BKbERQJPwryFtfWxwWXwSz7e4ddl6zjQjHnCYfqIfWWmtApWtMj8lwjd%2Bo/5IJOc7Wo0OlCE8QntJRHWr1kRO4wk0X2f6/lI25GoIOLR/O7Nx8J3VWM%2B88R4XarUsNuoL19h02/eGzif90tDO2ZwT8Uw8XuvbMzFWTofy1rvFXPgOuGoYRRKc8uJzsb8JXZtSn8OFX/rol/Ux7SsRvuPXJKdHqlLxru9FxAGlCODxGVLvmathfVheIT0JFhfIsGotiWjh%2BnqtLu6a50LTpZe1JAs7gSDuq7bd6H%2BdCAZzCCu82O/Rkl3elJ4J3mLVC8pbHLDuGD79wvFSqZOOthprd/NGYHJAID/2e7UcR/7jJJWRPBEtafyu0tWQhAXqhJXnlEhEq7NHCaqIchOkvFsQk/J3OMZKEGtFXs%2BZtzrcCtic5KdFlgr8Xe/pNS/qDANQc5Lgllah%2BvanfmOj8Vp11AZM3YnP9j4sPXchrlUixi8P2R%2BhhXu%2Bkgokv9uw%3D%3D&continue=https://mail.google.com/mail/u/0/?tab%3Drm%26ogbl&tcc=1&dbus=KE&ifkv=AXH0vVs-AU7MZnBODDC3j9_-tzsDFgLpg0HglZeIli2wcETU5CJCCaZ9Ou9iseqmAlkts0P8wNwgTA,accounts.google.co.in,16/04/2025 15:21
25083,11 A M,Inbox (45) - 25083@jameasaifiyah.edu - Aljamea tus Saifiyah Mail,https://accounts.google.co.ke/accounts/SetSID?ssdc=1&sidt=ALWU2ctwkpqnpcvtMXPH%2BQQsc3flWMK/A8eF9ika7027/OXxVmXc4L0HhVtbhx3WOL8YqKAqvcWZs1I7Ucsg2v8hE6Qz0WjW8hXL/PjliTbhYTB/LUrbo4xc1N83GGDp34LqzBDhdHIkRw3PboLaX3F37Ds8/G2guNaZOrFVMAI1Nw/Se44bY56DEp/N0UJdLMCi89d5xIXHMYSC8G/kaEtuALloJJ8x%2BxyoIxfjIAQIYyClhRtLCgSSqhg6Sidj80GcQrlLbkyNh3DZvsjyLVmWAlYBgr0m9PmLCwSu%2BkEAveSKvu%2BKF0o4JtuiFsjYiktYkybo3prj36A/U1mzXjxLpev64NOahnEVRFhdVhKxNJdybeNny1/NVuV%2BQpA6SCnGQfKm7PXrRGkm3nLtEJmg3w7MGBsRnYU7UfnSeowwpcO5IsJEQE3nafffIMRF3fbLpJhV6A1ixOx93fJojWcnt%2BzykVdS1ap5z516hgwocoK/zbosYvQ/sOQPWV/PlgdFPVi4yypDWgL5pzc0UoRbLL5ka5W35J8bZD5UnQ4zwQjm44Q6Ks/5uvCah9N2rA%2B794ksT/7toUFaVQPu%2Bz%2B567gs6E5JUTESq7jtV%2BNqPwi4mJs/8mEwy2nxA5VKlP9/qijsbI6a9gYXvT7Frw4BOuKgN8XQjAGkdir7jA5N0iT9lrs8g1UxeivQWrF9OMuFwDyt5bZLmpo6K6522tryJZui/nHbRUp%2Bv/v6D/Egdbf34n2Zi0TrpP5N2/u/7LXnx2PWww6XDL2Lvmh2MIlbHHZzpDC3AQi4mgbal1%2BnZG%2BSuNBlI26z30aFbBpsJCiPBfyQJ/zMnCZPMn3POl3PfRzvCzI9KsVqs0w7eInGtAjota1YvvZNvOrFEI/kjzrOcNFYt2fALfW6PHaAeCq5qmVRP2xmf0n1QLJnaVpIlLHAF/hDevQMBZGBCs70jwpqNS0ItPIT/L6sJp7OlvH89ygFN9hP4%2BcgHMKJ2ZeC40Bg3esiMhaxO0PEenDziJG3W1a3A3pMdwCkLsThB0EfA6SxPkZGNzrTvA9HHdAu2Oz5Od9E/0OHxbb9vgRDt4pG39Pwt%2Bt4rj0ppt6K21o9%2BWvjzqpSmnEhDiP1H/2NSqn%2B545u4X389iZFiKWy7iE/bpSsoqJ3Asj/r4QpGr07LFXJ69Azx1bgJ0xC/w8pEkTdxCzsLbSuY3EVjdylf1Zm/yS6voHX1nYnMEeVjtJIgHGhAIJeojl4b1URzdLf4IWDSAil4iXoJiPlzaQkkETfLXfefEyjt/dMuH1EQ9VjyI/IaFAceXGYVobezyTExNpawyQB58tMAO2ATby9oCbhx1fo18eRbkv8XsmEFU3yMcGvuct%2BTk9BRz%2BfvGtpjFSZlpobwCcTXHdX0qO3rFWOnKaAXL3XFrIoPlhPHyDRvQ8/eQ9dqTJnDgTgb7wMoBlV4PO30tTHBaf4pYynTTwaPSL26qh349jlItIzre9VtpqSQf%2BTSl2wGgpZn8dEcxC0nF5RaCEIYcJO4KIzmheikdH%2Ba82ur1Qz/O7TVih/E4DOFTXv4mX00X5HHiXVn0Wm11GuLsdaPUu6yo1S8vE5zDm7Q7JczwYLirF4qGBJJojQAJjbyHIbTwlTnQzeSaEB7b8SYRCXXP2QXFCSxkpBDwGYF%2BaaiHjJ7bDredU4YugjQ5U/D2358nKAnUD9PG4u%2B4/v3G3NownVns7o%2BOFiqH8ugSMlfnuNJab4XNsA6/R1%2Bjizi9x%2BUVhu8VfanPAU7F0yCnjSOkjPESx70xVqdhELhByj8bxYVG1Qzbi/HkM/vh4ABWSA6PZkif74SPr6WtoWlHo2rkq0bY/ElaPsHdi8BiqXgpoZkiqk11Kpm8b/FbCqtWaZ/C9qdRl0siR0z2sgtABwzSfe88vSVRUM7iR%2Ba1tMKfa6/EwBV0a/Jgy1mWxr4g7yAQWVoCkmJjIxs0RWKLiNOtmN50SGj7Ghggh5ZsRsWYEjoXia4NytLkk0IfPLRERbMc588u7A9cDJP40C0LTw0trYlVozNWT1aqxUaJX1BC6a6Qo/mDMp4D6FMf%2BttWVL8Ghg4zWO2UiUr%2B5SylhHQSlQ1rxJAJ8bUPErAPvOEz8N8YVEBnK9WMKeKp2x8bbNGN9hHPAfH02KROuEHbsyMPLM0%2BmtElacYVL8lLvaYN9oxw/9Tbu3m1g2Zt036vPSoUgX%2B6GI/FoSwYd6xZdcp%2B2%2BEL2A6Ss4Wz%2BwlDDjF7K6rfjWroymiqEa2JMW4SthOBrbaWsMtXofSCtvNPqwwqDvhZKvYIuFCAGlYKFcd%2BpacVz2opc/fkpli4%2Bl7GqYqsdykeD3xPMuD9UpQYuiXqXNKZmO6aWGVj1zCmq1uvgG2AvITE4qkukz98DrNxYrnRAn6hldim5IBDzFBUut4piV/%2BcR7GEBP3wFibW3FWu4%2B3B3U5MBruU/KQPNLgFq/iRMNu5hHqdRANiMUGtgrsLg1jcMfkA1EkWXN3c/FfptgRNqLM2ClLN7RSSnSVKQ52prOZguhlQr7j/qxKczXdr%2BOeHdCwhQbtfuU9l6H//4%2BwsINo58LyuYfij2iHL8I0SZ/MzVHQlau6qVlFGj4Hq5Id2Fl7174Gez/mJyOhdInSqP%2Bcst8U6ZX1O7og%3D%3D&continue=https://mail.google.com/mail/u/0/?tab%3Drm%26ogbl&tcc=1&ifkv=AXH0vVvBQFO-G2b8XeubhfF6oZv7KMugta8vjSYGg8rx0lLYxLbIx_xQxRX5Cl5oZVhFs2zmirOcOw,accounts.google.co.ke,16/04/2025 15:21
